benchmark,fault_model,fault_id,criterion,iteration,selected_test_count,target_score,achieved_score,triggered,detected,seed,faulty_timed_out,reference_timed_out,timeout_seconds
synthetic,hand-crafted,synthetic_grade_boundary_fault,statement,0,4,0.875,0.875,False,False,1000,False,False,5.0
synthetic,hand-crafted,synthetic_grade_boundary_fault,statement,1,4,0.875,0.875,False,False,1001,False,False,5.0
synthetic,hand-crafted,synthetic_grade_boundary_fault,statement,2,4,0.875,0.875,True,False,1002,False,False,5.0
synthetic,hand-crafted,synthetic_grade_boundary_fault,statement,3,4,0.875,0.875,True,True,1003,False,False,5.0
synthetic,hand-crafted,synthetic_grade_boundary_fault,statement,4,4,0.875,0.875,False,False,1004,False,False,5.0
synthetic,hand-crafted,synthetic_grade_boundary_fault,statement,5,4,0.875,0.875,True,True,1005,False,False,5.0
synthetic,hand-crafted,synthetic_grade_boundary_fault,statement,6,4,0.875,0.875,False,False,1006,False,False,5.0
synthetic,hand-crafted,synthetic_grade_boundary_fault,statement,7,4,0.875,0.875,False,False,1007,False,False,5.0
synthetic,hand-crafted,synthetic_grade_boundary_fault,statement,8,4,0.875,0.875,True,False,1008,False,False,5.0
synthetic,hand-crafted,synthetic_grade_boundary_fault,statement,9,4,0.875,0.875,False,False,1009,False,False,5.0
synthetic,hand-crafted,synthetic_grade_boundary_fault,statement,10,4,0.875,0.875,False,False,1010,False,False,5.0
synthetic,hand-crafted,synthetic_grade_boundary_fault,statement,11,4,0.875,0.875,False,False,1011,False,False,5.0
synthetic,hand-crafted,synthetic_grade_boundary_fault,statement,12,4,0.875,0.875,False,False,1012,False,False,5.0
synthetic,hand-crafted,synthetic_grade_boundary_fault,statement,13,4,0.875,0.875,True,True,1013,False,False,5.0
synthetic,hand-crafted,synthetic_grade_boundary_fault,statement,14,4,0.875,0.875,True,False,1014,False,False,5.0
synthetic,hand-crafted,synthetic_grade_boundary_fault,statement,15,4,0.875,0.875,False,False,1015,False,False,5.0
synthetic,hand-crafted,synthetic_grade_boundary_fault,statement,16,4,0.875,0.875,True,True,1016,False,False,5.0
synthetic,hand-crafted,synthetic_grade_boundary_fault,statement,17,4,0.875,0.875,True,True,1017,False,False,5.0
synthetic,hand-crafted,synthetic_grade_boundary_fault,statement,18,4,0.875,0.875,True,False,1018,False,False,5.0
synthetic,hand-crafted,synthetic_grade_boundary_fault,statement,19,4,0.875,0.875,False,False,1019,False,False,5.0
synthetic,hand-crafted,synthetic_grade_boundary_fault,statement,20,4,0.875,0.875,False,False,1020,False,False,5.0
synthetic,hand-crafted,synthetic_grade_boundary_fault,statement,21,4,0.875,0.875,True,False,1021,False,False,5.0
synthetic,hand-crafted,synthetic_grade_boundary_fault,statement,22,4,0.875,0.875,True,False,1022,False,False,5.0
synthetic,hand-crafted,synthetic_grade_boundary_fault,statement,23,4,0.875,0.875,True,True,1023,False,False,5.0
synthetic,hand-crafted,synthetic_grade_boundary_fault,statement,24,4,0.875,0.875,False,False,1024,False,False,5.0
synthetic,hand-crafted,synthetic_grade_boundary_fault,statement,25,4,0.875,0.875,False,False,1025,False,False,5.0
synthetic,hand-crafted,synthetic_grade_boundary_fault,statement,26,4,0.875,0.875,False,False,1026,False,False,5.0
synthetic,hand-crafted,synthetic_grade_boundary_fault,statement,27,4,0.875,0.875,False,False,1027,False,False,5.0
synthetic,hand-crafted,synthetic_grade_boundary_fault,statement,28,4,0.875,0.875,True,True,1028,False,False,5.0
synthetic,hand-crafted,synthetic_grade_boundary_fault,statement,29,4,0.875,0.875,True,False,1029,False,False,5.0
synthetic,hand-crafted,synthetic_grade_boundary_fault,statement,30,4,0.875,0.875,False,False,1030,False,False,5.0
synthetic,hand-crafted,synthetic_grade_boundary_fault,statement,31,4,0.875,0.875,True,False,1031,False,False,5.0
synthetic,hand-crafted,synthetic_grade_boundary_fault,statement,32,4,0.875,0.875,True,False,1032,False,False,5.0
synthetic,hand-crafted,synthetic_grade_boundary_fault,statement,33,4,0.875,0.875,True,False,1033,False,False,5.0
synthetic,hand-crafted,synthetic_grade_boundary_fault,statement,34,4,0.875,0.875,False,False,1034,False,False,5.0
synthetic,hand-crafted,synthetic_grade_boundary_fault,statement,35,4,0.875,0.875,True,True,1035,False,False,5.0
synthetic,hand-crafted,synthetic_grade_boundary_fault,statement,36,4,0.875,0.875,False,False,1036,False,False,5.0
synthetic,hand-crafted,synthetic_grade_boundary_fault,statement,37,4,0.875,0.875,False,False,1037,False,False,5.0
synthetic,hand-crafted,synthetic_grade_boundary_fault,statement,38,4,0.875,0.875,False,False,1038,False,False,5.0
synthetic,hand-crafted,synthetic_grade_boundary_fault,statement,39,4,0.875,0.875,False,False,1039,False,False,5.0
synthetic,hand-crafted,synthetic_grade_boundary_fault,statement,40,4,0.875,0.875,True,False,1040,False,False,5.0
synthetic,hand-crafted,synthetic_grade_boundary_fault,statement,41,4,0.875,0.875,True,True,1041,False,False,5.0
synthetic,hand-crafted,synthetic_grade_boundary_fault,statement,42,4,0.875,0.875,True,True,1042,False,False,5.0
synthetic,hand-crafted,synthetic_grade_boundary_fault,statement,43,4,0.875,0.875,True,False,1043,False,False,5.0
synthetic,hand-crafted,synthetic_grade_boundary_fault,statement,44,4,0.875,0.875,True,False,1044,False,False,5.0
synthetic,hand-crafted,synthetic_grade_boundary_fault,statement,45,4,0.875,0.875,False,False,1045,False,False,5.0
synthetic,hand-crafted,synthetic_grade_boundary_fault,statement,46,4,0.875,0.875,True,True,1046,False,False,5.0
synthetic,hand-crafted,synthetic_grade_boundary_fault,statement,47,4,0.875,0.875,False,False,1047,False,False,5.0
synthetic,hand-crafted,synthetic_grade_boundary_fault,statement,48,4,0.875,0.875,True,False,1048,False,False,5.0
synthetic,hand-crafted,synthetic_grade_boundary_fault,statement,49,4,0.875,0.875,True,True,1049,False,False,5.0
synthetic,hand-crafted,synthetic_grade_boundary_fault,statement,50,4,0.875,0.875,False,False,1050,False,False,5.0
synthetic,hand-crafted,synthetic_grade_boundary_fault,statement,51,4,0.875,0.875,False,False,1051,False,False,5.0
synthetic,hand-crafted,synthetic_grade_boundary_fault,statement,52,4,0.875,0.875,False,False,1052,False,False,5.0
synthetic,hand-crafted,synthetic_grade_boundary_fault,statement,53,4,0.875,0.875,True,False,1053,False,False,5.0
synthetic,hand-crafted,synthetic_grade_boundary_fault,statement,54,4,0.875,0.875,False,False,1054,False,False,5.0
synthetic,hand-crafted,synthetic_grade_boundary_fault,statement,55,4,0.875,0.875,False,False,1055,False,False,5.0
synthetic,hand-crafted,synthetic_grade_boundary_fault,statement,56,4,0.875,0.875,False,False,1056,False,False,5.0
synthetic,hand-crafted,synthetic_grade_boundary_fault,statement,57,4,0.875,0.875,True,False,1057,False,False,5.0
synthetic,hand-crafted,synthetic_grade_boundary_fault,statement,58,4,0.875,0.875,False,False,1058,False,False,5.0
synthetic,hand-crafted,synthetic_grade_boundary_fault,statement,59,4,0.875,0.875,False,False,1059,False,False,5.0
synthetic,hand-crafted,synthetic_grade_boundary_fault,statement,60,4,0.875,0.875,True,False,1060,False,False,5.0
synthetic,hand-crafted,synthetic_grade_boundary_fault,statement,61,4,0.875,0.875,True,False,1061,False,False,5.0
synthetic,hand-crafted,synthetic_grade_boundary_fault,statement,62,4,0.875,0.875,False,False,1062,False,False,5.0
synthetic,hand-crafted,synthetic_grade_boundary_fault,statement,63,4,0.875,0.875,True,False,1063,False,False,5.0
synthetic,hand-crafted,synthetic_grade_boundary_fault,statement,64,4,0.875,0.875,False,False,1064,False,False,5.0
synthetic,hand-crafted,synthetic_grade_boundary_fault,statement,65,4,0.875,0.875,False,False,1065,False,False,5.0
synthetic,hand-crafted,synthetic_grade_boundary_fault,statement,66,4,0.875,0.875,True,True,1066,False,False,5.0
synthetic,hand-crafted,synthetic_grade_boundary_fault,statement,67,4,0.875,0.875,False,False,1067,False,False,5.0
synthetic,hand-crafted,synthetic_grade_boundary_fault,statement,68,4,0.875,0.875,True,True,1068,False,False,5.0
synthetic,hand-crafted,synthetic_grade_boundary_fault,statement,69,4,0.875,0.875,False,False,1069,False,False,5.0
synthetic,hand-crafted,synthetic_grade_boundary_fault,statement,70,4,0.875,0.875,False,False,1070,False,False,5.0
synthetic,hand-crafted,synthetic_grade_boundary_fault,statement,71,4,0.875,0.875,False,False,1071,False,False,5.0
synthetic,hand-crafted,synthetic_grade_boundary_fault,statement,72,4,0.875,0.875,True,True,1072,False,False,5.0
synthetic,hand-crafted,synthetic_grade_boundary_fault,statement,73,4,0.875,0.875,False,False,1073,False,False,5.0
synthetic,hand-crafted,synthetic_grade_boundary_fault,statement,74,4,0.875,0.875,False,False,1074,False,False,5.0
synthetic,hand-crafted,synthetic_grade_boundary_fault,statement,75,4,0.875,0.875,False,False,1075,False,False,5.0
synthetic,hand-crafted,synthetic_grade_boundary_fault,statement,76,4,0.875,0.875,False,False,1076,False,False,5.0
synthetic,hand-crafted,synthetic_grade_boundary_fault,statement,77,4,0.875,0.875,False,False,1077,False,False,5.0
synthetic,hand-crafted,synthetic_grade_boundary_fault,statement,78,4,0.875,0.875,False,False,1078,False,False,5.0
synthetic,hand-crafted,synthetic_grade_boundary_fault,statement,79,4,0.875,0.875,True,False,1079,False,False,5.0
synthetic,hand-crafted,synthetic_grade_boundary_fault,statement,80,4,0.875,0.875,True,True,1080,False,False,5.0
synthetic,hand-crafted,synthetic_grade_boundary_fault,statement,81,4,0.875,0.875,True,True,1081,False,False,5.0
synthetic,hand-crafted,synthetic_grade_boundary_fault,statement,82,4,0.875,0.875,False,False,1082,False,False,5.0
synthetic,hand-crafted,synthetic_grade_boundary_fault,statement,83,4,0.875,0.875,True,False,1083,False,False,5.0
synthetic,hand-crafted,synthetic_grade_boundary_fault,statement,84,4,0.875,0.875,False,False,1084,False,False,5.0
synthetic,hand-crafted,synthetic_grade_boundary_fault,statement,85,4,0.875,0.875,True,False,1085,False,False,5.0
synthetic,hand-crafted,synthetic_grade_boundary_fault,statement,86,4,0.875,0.875,True,False,1086,False,False,5.0
synthetic,hand-crafted,synthetic_grade_boundary_fault,statement,87,4,0.875,0.875,False,False,1087,False,False,5.0
synthetic,hand-crafted,synthetic_grade_boundary_fault,statement,88,4,0.875,0.875,True,False,1088,False,False,5.0
synthetic,hand-crafted,synthetic_grade_boundary_fault,statement,89,4,0.875,0.875,True,True,1089,False,False,5.0
synthetic,hand-crafted,synthetic_grade_boundary_fault,statement,90,4,0.875,0.875,True,True,1090,False,False,5.0
synthetic,hand-crafted,synthetic_grade_boundary_fault,statement,91,4,0.875,0.875,False,False,1091,False,False,5.0
synthetic,hand-crafted,synthetic_grade_boundary_fault,statement,92,4,0.875,0.875,True,False,1092,False,False,5.0
synthetic,hand-crafted,synthetic_grade_boundary_fault,statement,93,4,0.875,0.875,True,False,1093,False,False,5.0
synthetic,hand-crafted,synthetic_grade_boundary_fault,statement,94,4,0.875,0.875,True,False,1094,False,False,5.0
synthetic,hand-crafted,synthetic_grade_boundary_fault,statement,95,4,0.875,0.875,True,False,1095,False,False,5.0
synthetic,hand-crafted,synthetic_grade_boundary_fault,statement,96,4,0.875,0.875,False,False,1096,False,False,5.0
synthetic,hand-crafted,synthetic_grade_boundary_fault,statement,97,4,0.875,0.875,True,False,1097,False,False,5.0
synthetic,hand-crafted,synthetic_grade_boundary_fault,statement,98,4,0.875,0.875,True,True,1098,False,False,5.0
synthetic,hand-crafted,synthetic_grade_boundary_fault,statement,99,4,0.875,0.875,False,False,1099,False,False,5.0
synthetic,hand-crafted,synthetic_grade_boundary_fault,branch,0,4,1.0,1.0,False,False,1000,False,False,5.0
synthetic,hand-crafted,synthetic_grade_boundary_fault,branch,1,4,1.0,1.0,False,False,1001,False,False,5.0
synthetic,hand-crafted,synthetic_grade_boundary_fault,branch,2,4,1.0,1.0,True,False,1002,False,False,5.0
synthetic,hand-crafted,synthetic_grade_boundary_fault,branch,3,4,1.0,1.0,True,True,1003,False,False,5.0
synthetic,hand-crafted,synthetic_grade_boundary_fault,branch,4,4,1.0,1.0,False,False,1004,False,False,5.0
synthetic,hand-crafted,synthetic_grade_boundary_fault,branch,5,4,1.0,1.0,True,True,1005,False,False,5.0
synthetic,hand-crafted,synthetic_grade_boundary_fault,branch,6,4,1.0,1.0,False,False,1006,False,False,5.0
synthetic,hand-crafted,synthetic_grade_boundary_fault,branch,7,4,1.0,1.0,False,False,1007,False,False,5.0
synthetic,hand-crafted,synthetic_grade_boundary_fault,branch,8,4,1.0,1.0,True,False,1008,False,False,5.0
synthetic,hand-crafted,synthetic_grade_boundary_fault,branch,9,4,1.0,1.0,False,False,1009,False,False,5.0
synthetic,hand-crafted,synthetic_grade_boundary_fault,branch,10,4,1.0,1.0,False,False,1010,False,False,5.0
synthetic,hand-crafted,synthetic_grade_boundary_fault,branch,11,4,1.0,1.0,False,False,1011,False,False,5.0
synthetic,hand-crafted,synthetic_grade_boundary_fault,branch,12,4,1.0,1.0,False,False,1012,False,False,5.0
synthetic,hand-crafted,synthetic_grade_boundary_fault,branch,13,4,1.0,1.0,True,True,1013,False,False,5.0
synthetic,hand-crafted,synthetic_grade_boundary_fault,branch,14,4,1.0,1.0,True,False,1014,False,False,5.0
synthetic,hand-crafted,synthetic_grade_boundary_fault,branch,15,4,1.0,1.0,False,False,1015,False,False,5.0
synthetic,hand-crafted,synthetic_grade_boundary_fault,branch,16,4,1.0,1.0,True,True,1016,False,False,5.0
synthetic,hand-crafted,synthetic_grade_boundary_fault,branch,17,4,1.0,1.0,True,True,1017,False,False,5.0
synthetic,hand-crafted,synthetic_grade_boundary_fault,branch,18,4,1.0,1.0,True,False,1018,False,False,5.0
synthetic,hand-crafted,synthetic_grade_boundary_fault,branch,19,4,1.0,1.0,False,False,1019,False,False,5.0
synthetic,hand-crafted,synthetic_grade_boundary_fault,branch,20,4,1.0,1.0,False,False,1020,False,False,5.0
synthetic,hand-crafted,synthetic_grade_boundary_fault,branch,21,4,1.0,1.0,True,False,1021,False,False,5.0
synthetic,hand-crafted,synthetic_grade_boundary_fault,branch,22,4,1.0,1.0,True,False,1022,False,False,5.0
synthetic,hand-crafted,synthetic_grade_boundary_fault,branch,23,4,1.0,1.0,True,True,1023,False,False,5.0
synthetic,hand-crafted,synthetic_grade_boundary_fault,branch,24,4,1.0,1.0,False,False,1024,False,False,5.0
synthetic,hand-crafted,synthetic_grade_boundary_fault,branch,25,4,1.0,1.0,False,False,1025,False,False,5.0
synthetic,hand-crafted,synthetic_grade_boundary_fault,branch,26,4,1.0,1.0,False,False,1026,False,False,5.0
synthetic,hand-crafted,synthetic_grade_boundary_fault,branch,27,4,1.0,1.0,False,False,1027,False,False,5.0
synthetic,hand-crafted,synthetic_grade_boundary_fault,branch,28,4,1.0,1.0,True,True,1028,False,False,5.0
synthetic,hand-crafted,synthetic_grade_boundary_fault,branch,29,4,1.0,1.0,True,False,1029,False,False,5.0
synthetic,hand-crafted,synthetic_grade_boundary_fault,branch,30,4,1.0,1.0,False,False,1030,False,False,5.0
synthetic,hand-crafted,synthetic_grade_boundary_fault,branch,31,4,1.0,1.0,True,False,1031,False,False,5.0
synthetic,hand-crafted,synthetic_grade_boundary_fault,branch,32,4,1.0,1.0,True,False,1032,False,False,5.0
synthetic,hand-crafted,synthetic_grade_boundary_fault,branch,33,4,1.0,1.0,True,False,1033,False,False,5.0
synthetic,hand-crafted,synthetic_grade_boundary_fault,branch,34,4,1.0,1.0,False,False,1034,False,False,5.0
synthetic,hand-crafted,synthetic_grade_boundary_fault,branch,35,4,1.0,1.0,True,True,1035,False,False,5.0
synthetic,hand-crafted,synthetic_grade_boundary_fault,branch,36,4,1.0,1.0,False,False,1036,False,False,5.0
synthetic,hand-crafted,synthetic_grade_boundary_fault,branch,37,4,1.0,1.0,False,False,1037,False,False,5.0
synthetic,hand-crafted,synthetic_grade_boundary_fault,branch,38,4,1.0,1.0,False,False,1038,False,False,5.0
synthetic,hand-crafted,synthetic_grade_boundary_fault,branch,39,4,1.0,1.0,False,False,1039,False,False,5.0
synthetic,hand-crafted,synthetic_grade_boundary_fault,branch,40,4,1.0,1.0,True,False,1040,False,False,5.0
synthetic,hand-crafted,synthetic_grade_boundary_fault,branch,41,4,1.0,1.0,True,True,1041,False,False,5.0
synthetic,hand-crafted,synthetic_grade_boundary_fault,branch,42,4,1.0,1.0,True,True,1042,False,False,5.0
synthetic,hand-crafted,synthetic_grade_boundary_fault,branch,43,4,1.0,1.0,True,False,1043,False,False,5.0
synthetic,hand-crafted,synthetic_grade_boundary_fault,branch,44,4,1.0,1.0,True,False,1044,False,False,5.0
synthetic,hand-crafted,synthetic_grade_boundary_fault,branch,45,4,1.0,1.0,False,False,1045,False,False,5.0
synthetic,hand-crafted,synthetic_grade_boundary_fault,branch,46,4,1.0,1.0,True,True,1046,False,False,5.0
synthetic,hand-crafted,synthetic_grade_boundary_fault,branch,47,4,1.0,1.0,False,False,1047,False,False,5.0
synthetic,hand-crafted,synthetic_grade_boundary_fault,branch,48,4,1.0,1.0,True,False,1048,False,False,5.0
synthetic,hand-crafted,synthetic_grade_boundary_fault,branch,49,4,1.0,1.0,True,True,1049,False,False,5.0
synthetic,hand-crafted,synthetic_grade_boundary_fault,branch,50,4,1.0,1.0,False,False,1050,False,False,5.0
synthetic,hand-crafted,synthetic_grade_boundary_fault,branch,51,4,1.0,1.0,False,False,1051,False,False,5.0
synthetic,hand-crafted,synthetic_grade_boundary_fault,branch,52,4,1.0,1.0,False,False,1052,False,False,5.0
synthetic,hand-crafted,synthetic_grade_boundary_fault,branch,53,4,1.0,1.0,True,False,1053,False,False,5.0
synthetic,hand-crafted,synthetic_grade_boundary_fault,branch,54,4,1.0,1.0,False,False,1054,False,False,5.0
synthetic,hand-crafted,synthetic_grade_boundary_fault,branch,55,4,1.0,1.0,False,False,1055,False,False,5.0
synthetic,hand-crafted,synthetic_grade_boundary_fault,branch,56,4,1.0,1.0,False,False,1056,False,False,5.0
synthetic,hand-crafted,synthetic_grade_boundary_fault,branch,57,4,1.0,1.0,True,False,1057,False,False,5.0
synthetic,hand-crafted,synthetic_grade_boundary_fault,branch,58,4,1.0,1.0,False,False,1058,False,False,5.0
synthetic,hand-crafted,synthetic_grade_boundary_fault,branch,59,4,1.0,1.0,False,False,1059,False,False,5.0
synthetic,hand-crafted,synthetic_grade_boundary_fault,branch,60,4,1.0,1.0,True,False,1060,False,False,5.0
synthetic,hand-crafted,synthetic_grade_boundary_fault,branch,61,4,1.0,1.0,True,False,1061,False,False,5.0
synthetic,hand-crafted,synthetic_grade_boundary_fault,branch,62,4,1.0,1.0,False,False,1062,False,False,5.0
synthetic,hand-crafted,synthetic_grade_boundary_fault,branch,63,4,1.0,1.0,True,False,1063,False,False,5.0
synthetic,hand-crafted,synthetic_grade_boundary_fault,branch,64,4,1.0,1.0,False,False,1064,False,False,5.0
synthetic,hand-crafted,synthetic_grade_boundary_fault,branch,65,4,1.0,1.0,False,False,1065,False,False,5.0
synthetic,hand-crafted,synthetic_grade_boundary_fault,branch,66,4,1.0,1.0,True,True,1066,False,False,5.0
synthetic,hand-crafted,synthetic_grade_boundary_fault,branch,67,4,1.0,1.0,False,False,1067,False,False,5.0
synthetic,hand-crafted,synthetic_grade_boundary_fault,branch,68,4,1.0,1.0,True,True,1068,False,False,5.0
synthetic,hand-crafted,synthetic_grade_boundary_fault,branch,69,4,1.0,1.0,False,False,1069,False,False,5.0
synthetic,hand-crafted,synthetic_grade_boundary_fault,branch,70,4,1.0,1.0,False,False,1070,False,False,5.0
synthetic,hand-crafted,synthetic_grade_boundary_fault,branch,71,4,1.0,1.0,False,False,1071,False,False,5.0
synthetic,hand-crafted,synthetic_grade_boundary_fault,branch,72,4,1.0,1.0,True,True,1072,False,False,5.0
synthetic,hand-crafted,synthetic_grade_boundary_fault,branch,73,4,1.0,1.0,False,False,1073,False,False,5.0
synthetic,hand-crafted,synthetic_grade_boundary_fault,branch,74,4,1.0,1.0,False,False,1074,False,False,5.0
synthetic,hand-crafted,synthetic_grade_boundary_fault,branch,75,4,1.0,1.0,False,False,1075,False,False,5.0
synthetic,hand-crafted,synthetic_grade_boundary_fault,branch,76,4,1.0,1.0,False,False,1076,False,False,5.0
synthetic,hand-crafted,synthetic_grade_boundary_fault,branch,77,4,1.0,1.0,False,False,1077,False,False,5.0
synthetic,hand-crafted,synthetic_grade_boundary_fault,branch,78,4,1.0,1.0,False,False,1078,False,False,5.0
synthetic,hand-crafted,synthetic_grade_boundary_fault,branch,79,4,1.0,1.0,True,False,1079,False,False,5.0
synthetic,hand-crafted,synthetic_grade_boundary_fault,branch,80,4,1.0,1.0,True,True,1080,False,False,5.0
synthetic,hand-crafted,synthetic_grade_boundary_fault,branch,81,4,1.0,1.0,True,True,1081,False,False,5.0
synthetic,hand-crafted,synthetic_grade_boundary_fault,branch,82,4,1.0,1.0,False,False,1082,False,False,5.0
synthetic,hand-crafted,synthetic_grade_boundary_fault,branch,83,4,1.0,1.0,True,False,1083,False,False,5.0
synthetic,hand-crafted,synthetic_grade_boundary_fault,branch,84,4,1.0,1.0,False,False,1084,False,False,5.0
synthetic,hand-crafted,synthetic_grade_boundary_fault,branch,85,4,1.0,1.0,True,False,1085,False,False,5.0
synthetic,hand-crafted,synthetic_grade_boundary_fault,branch,86,4,1.0,1.0,True,False,1086,False,False,5.0
synthetic,hand-crafted,synthetic_grade_boundary_fault,branch,87,4,1.0,1.0,False,False,1087,False,False,5.0
synthetic,hand-crafted,synthetic_grade_boundary_fault,branch,88,4,1.0,1.0,True,False,1088,False,False,5.0
synthetic,hand-crafted,synthetic_grade_boundary_fault,branch,89,4,1.0,1.0,True,True,1089,False,False,5.0
synthetic,hand-crafted,synthetic_grade_boundary_fault,branch,90,4,1.0,1.0,True,True,1090,False,False,5.0
synthetic,hand-crafted,synthetic_grade_boundary_fault,branch,91,4,1.0,1.0,False,False,1091,False,False,5.0
synthetic,hand-crafted,synthetic_grade_boundary_fault,branch,92,4,1.0,1.0,True,False,1092,False,False,5.0
synthetic,hand-crafted,synthetic_grade_boundary_fault,branch,93,4,1.0,1.0,True,False,1093,False,False,5.0
synthetic,hand-crafted,synthetic_grade_boundary_fault,branch,94,4,1.0,1.0,True,False,1094,False,False,5.0
synthetic,hand-crafted,synthetic_grade_boundary_fault,branch,95,4,1.0,1.0,True,False,1095,False,False,5.0
synthetic,hand-crafted,synthetic_grade_boundary_fault,branch,96,4,1.0,1.0,False,False,1096,False,False,5.0
synthetic,hand-crafted,synthetic_grade_boundary_fault,branch,97,4,1.0,1.0,True,False,1097,False,False,5.0
synthetic,hand-crafted,synthetic_grade_boundary_fault,branch,98,4,1.0,1.0,True,True,1098,False,False,5.0
synthetic,hand-crafted,synthetic_grade_boundary_fault,branch,99,4,1.0,1.0,False,False,1099,False,False,5.0
synthetic,hand-crafted,synthetic_grade_boundary_fault,mutation,0,6,0.8571428571428571,0.8571428571428571,True,False,1000,False,False,5.0
synthetic,hand-crafted,synthetic_grade_boundary_fault,mutation,1,6,0.8571428571428571,0.8571428571428571,True,False,1001,False,False,5.0
synthetic,hand-crafted,synthetic_grade_boundary_fault,mutation,2,4,0.8571428571428571,0.8571428571428571,True,False,1002,False,False,5.0
synthetic,hand-crafted,synthetic_grade_boundary_fault,mutation,3,5,0.8571428571428571,0.8571428571428571,True,True,1003,False,False,5.0
synthetic,hand-crafted,synthetic_grade_boundary_fault,mutation,4,5,0.8571428571428571,0.8571428571428571,True,False,1004,False,False,5.0
synthetic,hand-crafted,synthetic_grade_boundary_fault,mutation,5,5,0.8571428571428571,0.8571428571428571,True,True,1005,False,False,5.0
synthetic,hand-crafted,synthetic_grade_boundary_fault,mutation,6,5,0.8571428571428571,0.8571428571428571,True,True,1006,False,False,5.0
synthetic,hand-crafted,synthetic_grade_boundary_fault,mutation,7,6,0.8571428571428571,0.8571428571428571,True,True,1007,False,False,5.0
synthetic,hand-crafted,synthetic_grade_boundary_fault,mutation,8,5,0.8571428571428571,0.8571428571428571,True,False,1008,False,False,5.0
synthetic,hand-crafted,synthetic_grade_boundary_fault,mutation,9,7,0.8571428571428571,0.8571428571428571,True,True,1009,False,False,5.0
synthetic,hand-crafted,synthetic_grade_boundary_fault,mutation,10,6,0.8571428571428571,0.8571428571428571,True,False,1010,False,False,5.0
synthetic,hand-crafted,synthetic_grade_boundary_fault,mutation,11,6,0.8571428571428571,0.8571428571428571,True,False,1011,False,False,5.0
synthetic,hand-crafted,synthetic_grade_boundary_fault,mutation,12,5,0.8571428571428571,0.8571428571428571,True,True,1012,False,False,5.0
synthetic,hand-crafted,synthetic_grade_boundary_fault,mutation,13,5,0.8571428571428571,0.8571428571428571,True,True,1013,False,False,5.0
synthetic,hand-crafted,synthetic_grade_boundary_fault,mutation,14,5,0.8571428571428571,0.8571428571428571,True,False,1014,False,False,5.0
synthetic,hand-crafted,synthetic_grade_boundary_fault,mutation,15,7,0.8571428571428571,0.8571428571428571,True,True,1015,False,False,5.0
synthetic,hand-crafted,synthetic_grade_boundary_fault,mutation,16,4,0.8571428571428571,0.8571428571428571,True,True,1016,False,False,5.0
synthetic,hand-crafted,synthetic_grade_boundary_fault,mutation,17,4,0.8571428571428571,0.8571428571428571,True,True,1017,False,False,5.0
synthetic,hand-crafted,synthetic_grade_boundary_fault,mutation,18,4,0.8571428571428571,0.8571428571428571,True,False,1018,False,False,5.0
synthetic,hand-crafted,synthetic_grade_boundary_fault,mutation,19,5,0.8571428571428571,0.8571428571428571,True,False,1019,False,False,5.0
synthetic,hand-crafted,synthetic_grade_boundary_fault,mutation,20,6,0.8571428571428571,0.8571428571428571,True,False,1020,False,False,5.0
synthetic,hand-crafted,synthetic_grade_boundary_fault,mutation,21,6,0.8571428571428571,0.8571428571428571,True,False,1021,False,False,5.0
synthetic,hand-crafted,synthetic_grade_boundary_fault,mutation,22,5,0.8571428571428571,0.8571428571428571,True,False,1022,False,False,5.0
synthetic,hand-crafted,synthetic_grade_boundary_fault,mutation,23,5,0.8571428571428571,0.8571428571428571,True,True,1023,False,False,5.0
synthetic,hand-crafted,synthetic_grade_boundary_fault,mutation,24,6,0.8571428571428571,0.8571428571428571,True,True,1024,False,False,5.0
synthetic,hand-crafted,synthetic_grade_boundary_fault,mutation,25,7,0.8571428571428571,0.8571428571428571,True,True,1025,False,False,5.0
synthetic,hand-crafted,synthetic_grade_boundary_fault,mutation,26,6,0.8571428571428571,0.8571428571428571,True,True,1026,False,False,5.0
synthetic,hand-crafted,synthetic_grade_boundary_fault,mutation,27,7,0.8571428571428571,0.8571428571428571,True,False,1027,False,False,5.0
synthetic,hand-crafted,synthetic_grade_boundary_fault,mutation,28,4,0.8571428571428571,0.8571428571428571,True,True,1028,False,False,5.0
synthetic,hand-crafted,synthetic_grade_boundary_fault,mutation,29,5,0.8571428571428571,0.8571428571428571,True,False,1029,False,False,5.0
synthetic,hand-crafted,synthetic_grade_boundary_fault,mutation,30,5,0.8571428571428571,0.8571428571428571,True,True,1030,False,False,5.0
synthetic,hand-crafted,synthetic_grade_boundary_fault,mutation,31,4,0.8571428571428571,0.8571428571428571,True,False,1031,False,False,5.0
synthetic,hand-crafted,synthetic_grade_boundary_fault,mutation,32,4,0.8571428571428571,0.8571428571428571,True,False,1032,False,False,5.0
synthetic,hand-crafted,synthetic_grade_boundary_fault,mutation,33,6,0.8571428571428571,0.8571428571428571,True,False,1033,False,False,5.0
synthetic,hand-crafted,synthetic_grade_boundary_fault,mutation,34,6,0.8571428571428571,0.8571428571428571,True,False,1034,False,False,5.0
synthetic,hand-crafted,synthetic_grade_boundary_fault,mutation,35,5,0.8571428571428571,0.8571428571428571,True,True,1035,False,False,5.0
synthetic,hand-crafted,synthetic_grade_boundary_fault,mutation,36,5,0.8571428571428571,0.8571428571428571,True,False,1036,False,False,5.0
synthetic,hand-crafted,synthetic_grade_boundary_fault,mutation,37,6,0.8571428571428571,0.8571428571428571,True,True,1037,False,False,5.0
synthetic,hand-crafted,synthetic_grade_boundary_fault,mutation,38,5,0.8571428571428571,0.8571428571428571,True,False,1038,False,False,5.0
synthetic,hand-crafted,synthetic_grade_boundary_fault,mutation,39,6,0.8571428571428571,0.8571428571428571,True,True,1039,False,False,5.0
synthetic,hand-crafted,synthetic_grade_boundary_fault,mutation,40,5,0.8571428571428571,0.8571428571428571,True,False,1040,False,False,5.0
synthetic,hand-crafted,synthetic_grade_boundary_fault,mutation,41,5,0.8571428571428571,0.8571428571428571,True,True,1041,False,False,5.0
synthetic,hand-crafted,synthetic_grade_boundary_fault,mutation,42,5,0.8571428571428571,0.8571428571428571,True,True,1042,False,False,5.0
synthetic,hand-crafted,synthetic_grade_boundary_fault,mutation,43,5,0.8571428571428571,0.8571428571428571,True,False,1043,False,False,5.0
synthetic,hand-crafted,synthetic_grade_boundary_fault,mutation,44,5,0.8571428571428571,0.8571428571428571,True,False,1044,False,False,5.0
synthetic,hand-crafted,synthetic_grade_boundary_fault,mutation,45,6,0.8571428571428571,0.8571428571428571,True,True,1045,False,False,5.0
synthetic,hand-crafted,synthetic_grade_boundary_fault,mutation,46,4,0.8571428571428571,0.8571428571428571,True,True,1046,False,False,5.0
synthetic,hand-crafted,synthetic_grade_boundary_fault,mutation,47,7,0.8571428571428571,0.8571428571428571,True,True,1047,False,False,5.0
synthetic,hand-crafted,synthetic_grade_boundary_fault,mutation,48,5,0.8571428571428571,0.8571428571428571,True,False,1048,False,False,5.0
synthetic,hand-crafted,synthetic_grade_boundary_fault,mutation,49,6,0.8571428571428571,0.8571428571428571,True,True,1049,False,False,5.0
synthetic,hand-crafted,synthetic_grade_boundary_fault,mutation,50,5,0.8571428571428571,0.8571428571428571,True,True,1050,False,False,5.0
synthetic,hand-crafted,synthetic_grade_boundary_fault,mutation,51,6,0.8571428571428571,0.8571428571428571,True,True,1051,False,False,5.0
synthetic,hand-crafted,synthetic_grade_boundary_fault,mutation,52,7,0.8571428571428571,0.8571428571428571,True,False,1052,False,False,5.0
synthetic,hand-crafted,synthetic_grade_boundary_fault,mutation,53,4,0.8571428571428571,0.8571428571428571,True,False,1053,False,False,5.0
synthetic,hand-crafted,synthetic_grade_boundary_fault,mutation,54,5,0.8571428571428571,0.8571428571428571,True,False,1054,False,False,5.0
synthetic,hand-crafted,synthetic_grade_boundary_fault,mutation,55,7,0.8571428571428571,0.8571428571428571,True,False,1055,False,False,5.0
synthetic,hand-crafted,synthetic_grade_boundary_fault,mutation,56,5,0.8571428571428571,0.8571428571428571,True,True,1056,False,False,5.0
synthetic,hand-crafted,synthetic_grade_boundary_fault,mutation,57,6,0.8571428571428571,0.8571428571428571,True,False,1057,False,False,5.0
synthetic,hand-crafted,synthetic_grade_boundary_fault,mutation,58,7,0.8571428571428571,0.8571428571428571,True,False,1058,False,False,5.0
synthetic,hand-crafted,synthetic_grade_boundary_fault,mutation,59,6,0.8571428571428571,0.8571428571428571,True,False,1059,False,False,5.0
synthetic,hand-crafted,synthetic_grade_boundary_fault,mutation,60,5,0.8571428571428571,0.8571428571428571,True,False,1060,False,False,5.0
synthetic,hand-crafted,synthetic_grade_boundary_fault,mutation,61,4,0.8571428571428571,0.8571428571428571,True,False,1061,False,False,5.0
synthetic,hand-crafted,synthetic_grade_boundary_fault,mutation,62,7,0.8571428571428571,0.8571428571428571,True,False,1062,False,False,5.0
synthetic,hand-crafted,synthetic_grade_boundary_fault,mutation,63,6,0.8571428571428571,0.8571428571428571,True,False,1063,False,False,5.0
synthetic,hand-crafted,synthetic_grade_boundary_fault,mutation,64,7,0.8571428571428571,0.8571428571428571,True,False,1064,False,False,5.0
synthetic,hand-crafted,synthetic_grade_boundary_fault,mutation,65,6,0.8571428571428571,0.8571428571428571,True,False,1065,False,False,5.0
synthetic,hand-crafted,synthetic_grade_boundary_fault,mutation,66,6,0.8571428571428571,0.8571428571428571,True,True,1066,False,False,5.0
synthetic,hand-crafted,synthetic_grade_boundary_fault,mutation,67,7,0.8571428571428571,0.8571428571428571,True,True,1067,False,False,5.0
synthetic,hand-crafted,synthetic_grade_boundary_fault,mutation,68,5,0.8571428571428571,0.8571428571428571,True,True,1068,False,False,5.0
synthetic,hand-crafted,synthetic_grade_boundary_fault,mutation,69,6,0.8571428571428571,0.8571428571428571,True,False,1069,False,False,5.0
synthetic,hand-crafted,synthetic_grade_boundary_fault,mutation,70,5,0.8571428571428571,0.8571428571428571,True,True,1070,False,False,5.0
synthetic,hand-crafted,synthetic_grade_boundary_fault,mutation,71,6,0.8571428571428571,0.8571428571428571,True,True,1071,False,False,5.0
synthetic,hand-crafted,synthetic_grade_boundary_fault,mutation,72,5,0.8571428571428571,0.8571428571428571,True,True,1072,False,False,5.0
synthetic,hand-crafted,synthetic_grade_boundary_fault,mutation,73,6,0.8571428571428571,0.8571428571428571,True,True,1073,False,False,5.0
synthetic,hand-crafted,synthetic_grade_boundary_fault,mutation,74,5,0.8571428571428571,0.8571428571428571,True,False,1074,False,False,5.0
synthetic,hand-crafted,synthetic_grade_boundary_fault,mutation,75,6,0.8571428571428571,0.8571428571428571,True,True,1075,False,False,5.0
synthetic,hand-crafted,synthetic_grade_boundary_fault,mutation,76,6,0.8571428571428571,0.8571428571428571,True,True,1076,False,False,5.0
synthetic,hand-crafted,synthetic_grade_boundary_fault,mutation,77,6,0.8571428571428571,0.8571428571428571,True,True,1077,False,False,5.0
synthetic,hand-crafted,synthetic_grade_boundary_fault,mutation,78,6,0.8571428571428571,0.8571428571428571,True,True,1078,False,False,5.0
synthetic,hand-crafted,synthetic_grade_boundary_fault,mutation,79,5,0.8571428571428571,0.8571428571428571,True,False,1079,False,False,5.0
synthetic,hand-crafted,synthetic_grade_boundary_fault,mutation,80,6,0.8571428571428571,0.8571428571428571,True,True,1080,False,False,5.0
synthetic,hand-crafted,synthetic_grade_boundary_fault,mutation,81,6,0.8571428571428571,0.8571428571428571,True,True,1081,False,False,5.0
synthetic,hand-crafted,synthetic_grade_boundary_fault,mutation,82,7,0.8571428571428571,0.8571428571428571,True,False,1082,False,False,5.0
synthetic,hand-crafted,synthetic_grade_boundary_fault,mutation,83,6,0.8571428571428571,0.8571428571428571,True,False,1083,False,False,5.0
synthetic,hand-crafted,synthetic_grade_boundary_fault,mutation,84,6,0.8571428571428571,0.8571428571428571,True,True,1084,False,False,5.0
synthetic,hand-crafted,synthetic_grade_boundary_fault,mutation,85,5,0.8571428571428571,0.8571428571428571,True,False,1085,False,False,5.0
synthetic,hand-crafted,synthetic_grade_boundary_fault,mutation,86,4,0.8571428571428571,0.8571428571428571,True,False,1086,False,False,5.0
synthetic,hand-crafted,synthetic_grade_boundary_fault,mutation,87,6,0.8571428571428571,0.8571428571428571,True,False,1087,False,False,5.0
synthetic,hand-crafted,synthetic_grade_boundary_fault,mutation,88,5,0.8571428571428571,0.8571428571428571,True,False,1088,False,False,5.0
synthetic,hand-crafted,synthetic_grade_boundary_fault,mutation,89,5,0.8571428571428571,0.8571428571428571,True,True,1089,False,False,5.0
synthetic,hand-crafted,synthetic_grade_boundary_fault,mutation,90,5,0.8571428571428571,0.8571428571428571,True,True,1090,False,False,5.0
synthetic,hand-crafted,synthetic_grade_boundary_fault,mutation,91,5,0.8571428571428571,0.8571428571428571,True,False,1091,False,False,5.0
synthetic,hand-crafted,synthetic_grade_boundary_fault,mutation,92,4,0.8571428571428571,0.8571428571428571,True,False,1092,False,False,5.0
synthetic,hand-crafted,synthetic_grade_boundary_fault,mutation,93,4,0.8571428571428571,0.8571428571428571,True,False,1093,False,False,5.0
synthetic,hand-crafted,synthetic_grade_boundary_fault,mutation,94,4,0.8571428571428571,0.8571428571428571,True,False,1094,False,False,5.0
synthetic,hand-crafted,synthetic_grade_boundary_fault,mutation,95,5,0.8571428571428571,0.8571428571428571,True,False,1095,False,False,5.0
synthetic,hand-crafted,synthetic_grade_boundary_fault,mutation,96,6,0.8571428571428571,0.8571428571428571,True,False,1096,False,False,5.0
synthetic,hand-crafted,synthetic_grade_boundary_fault,mutation,97,6,0.8571428571428571,0.8571428571428571,True,False,1097,False,False,5.0
synthetic,hand-crafted,synthetic_grade_boundary_fault,mutation,98,6,0.8571428571428571,0.8571428571428571,True,True,1098,False,False,5.0
synthetic,hand-crafted,synthetic_grade_boundary_fault,mutation,99,6,0.8571428571428571,0.8571428571428571,True,False,1099,False,False,5.0
synthetic,hand-crafted,synthetic_parity_inverted_fault,statement,0,2,0.75,0.75,True,True,2000,False,False,5.0
synthetic,hand-crafted,synthetic_parity_inverted_fault,statement,1,2,0.75,0.75,True,False,2001,False,False,5.0
synthetic,hand-crafted,synthetic_parity_inverted_fault,statement,2,2,0.75,0.75,True,True,2002,False,False,5.0
synthetic,hand-crafted,synthetic_parity_inverted_fault,statement,3,2,0.75,0.75,True,True,2003,False,False,5.0
synthetic,hand-crafted,synthetic_parity_inverted_fault,statement,4,2,0.75,0.75,True,False,2004,False,False,5.0
synthetic,hand-crafted,synthetic_parity_inverted_fault,statement,5,2,0.75,0.75,True,True,2005,False,False,5.0
synthetic,hand-crafted,synthetic_parity_inverted_fault,statement,6,2,0.75,0.75,True,False,2006,False,False,5.0
synthetic,hand-crafted,synthetic_parity_inverted_fault,statement,7,2,0.75,0.75,True,False,2007,False,False,5.0
synthetic,hand-crafted,synthetic_parity_inverted_fault,statement,8,2,0.75,0.75,True,True,2008,False,False,5.0
synthetic,hand-crafted,synthetic_parity_inverted_fault,statement,9,2,0.75,0.75,True,True,2009,False,False,5.0
synthetic,hand-crafted,synthetic_parity_inverted_fault,statement,10,2,0.75,0.75,True,True,2010,False,False,5.0
synthetic,hand-crafted,synthetic_parity_inverted_fault,statement,11,2,0.75,0.75,True,False,2011,False,False,5.0
synthetic,hand-crafted,synthetic_parity_inverted_fault,statement,12,2,0.75,0.75,True,True,2012,False,False,5.0
synthetic,hand-crafted,synthetic_parity_inverted_fault,statement,13,2,0.75,0.75,True,True,2013,False,False,5.0
synthetic,hand-crafted,synthetic_parity_inverted_fault,statement,14,2,0.75,0.75,True,True,2014,False,False,5.0
synthetic,hand-crafted,synthetic_parity_inverted_fault,statement,15,2,0.75,0.75,True,False,2015,False,False,5.0
synthetic,hand-crafted,synthetic_parity_inverted_fault,statement,16,2,0.75,0.75,True,True,2016,False,False,5.0
synthetic,hand-crafted,synthetic_parity_inverted_fault,statement,17,2,0.75,0.75,True,True,2017,False,False,5.0
synthetic,hand-crafted,synthetic_parity_inverted_fault,statement,18,2,0.75,0.75,True,False,2018,False,False,5.0
synthetic,hand-crafted,synthetic_parity_inverted_fault,statement,19,2,0.75,0.75,True,False,2019,False,False,5.0
synthetic,hand-crafted,synthetic_parity_inverted_fault,statement,20,2,0.75,0.75,True,False,2020,False,False,5.0
synthetic,hand-crafted,synthetic_parity_inverted_fault,statement,21,2,0.75,0.75,True,True,2021,False,False,5.0
synthetic,hand-crafted,synthetic_parity_inverted_fault,statement,22,2,0.75,0.75,True,False,2022,False,False,5.0
synthetic,hand-crafted,synthetic_parity_inverted_fault,statement,23,2,0.75,0.75,True,True,2023,False,False,5.0
synthetic,hand-crafted,synthetic_parity_inverted_fault,statement,24,2,0.75,0.75,True,True,2024,False,False,5.0
synthetic,hand-crafted,synthetic_parity_inverted_fault,statement,25,2,0.75,0.75,True,False,2025,False,False,5.0
synthetic,hand-crafted,synthetic_parity_inverted_fault,statement,26,2,0.75,0.75,True,True,2026,False,False,5.0
synthetic,hand-crafted,synthetic_parity_inverted_fault,statement,27,2,0.75,0.75,True,True,2027,False,False,5.0
synthetic,hand-crafted,synthetic_parity_inverted_fault,statement,28,2,0.75,0.75,True,True,2028,False,False,5.0
synthetic,hand-crafted,synthetic_parity_inverted_fault,statement,29,2,0.75,0.75,True,True,2029,False,False,5.0
synthetic,hand-crafted,synthetic_parity_inverted_fault,statement,30,2,0.75,0.75,True,True,2030,False,False,5.0
synthetic,hand-crafted,synthetic_parity_inverted_fault,statement,31,2,0.75,0.75,True,True,2031,False,False,5.0
synthetic,hand-crafted,synthetic_parity_inverted_fault,statement,32,2,0.75,0.75,True,True,2032,False,False,5.0
synthetic,hand-crafted,synthetic_parity_inverted_fault,statement,33,2,0.75,0.75,True,True,2033,False,False,5.0
synthetic,hand-crafted,synthetic_parity_inverted_fault,statement,34,2,0.75,0.75,True,True,2034,False,False,5.0
synthetic,hand-crafted,synthetic_parity_inverted_fault,statement,35,2,0.75,0.75,True,True,2035,False,False,5.0
synthetic,hand-crafted,synthetic_parity_inverted_fault,statement,36,2,0.75,0.75,True,True,2036,False,False,5.0
synthetic,hand-crafted,synthetic_parity_inverted_fault,statement,37,2,0.75,0.75,True,True,2037,False,False,5.0
synthetic,hand-crafted,synthetic_parity_inverted_fault,statement,38,2,0.75,0.75,True,True,2038,False,False,5.0
synthetic,hand-crafted,synthetic_parity_inverted_fault,statement,39,2,0.75,0.75,True,False,2039,False,False,5.0
synthetic,hand-crafted,synthetic_parity_inverted_fault,statement,40,2,0.75,0.75,True,True,2040,False,False,5.0
synthetic,hand-crafted,synthetic_parity_inverted_fault,statement,41,2,0.75,0.75,True,True,2041,False,False,5.0
synthetic,hand-crafted,synthetic_parity_inverted_fault,statement,42,2,0.75,0.75,True,True,2042,False,False,5.0
synthetic,hand-crafted,synthetic_parity_inverted_fault,statement,43,2,0.75,0.75,True,True,2043,False,False,5.0
synthetic,hand-crafted,synthetic_parity_inverted_fault,statement,44,2,0.75,0.75,True,True,2044,False,False,5.0
synthetic,hand-crafted,synthetic_parity_inverted_fault,statement,45,2,0.75,0.75,True,True,2045,False,False,5.0
synthetic,hand-crafted,synthetic_parity_inverted_fault,statement,46,2,0.75,0.75,True,False,2046,False,False,5.0
synthetic,hand-crafted,synthetic_parity_inverted_fault,statement,47,2,0.75,0.75,True,True,2047,False,False,5.0
synthetic,hand-crafted,synthetic_parity_inverted_fault,statement,48,2,0.75,0.75,True,True,2048,False,False,5.0
synthetic,hand-crafted,synthetic_parity_inverted_fault,statement,49,2,0.75,0.75,True,False,2049,False,False,5.0
synthetic,hand-crafted,synthetic_parity_inverted_fault,statement,50,2,0.75,0.75,True,False,2050,False,False,5.0
synthetic,hand-crafted,synthetic_parity_inverted_fault,statement,51,2,0.75,0.75,True,True,2051,False,False,5.0
synthetic,hand-crafted,synthetic_parity_inverted_fault,statement,52,2,0.75,0.75,True,True,2052,False,False,5.0
synthetic,hand-crafted,synthetic_parity_inverted_fault,statement,53,2,0.75,0.75,True,True,2053,False,False,5.0
synthetic,hand-crafted,synthetic_parity_inverted_fault,statement,54,2,0.75,0.75,True,False,2054,False,False,5.0
synthetic,hand-crafted,synthetic_parity_inverted_fault,statement,55,2,0.75,0.75,True,True,2055,False,False,5.0
synthetic,hand-crafted,synthetic_parity_inverted_fault,statement,56,2,0.75,0.75,True,False,2056,False,False,5.0
synthetic,hand-crafted,synthetic_parity_inverted_fault,statement,57,2,0.75,0.75,True,True,2057,False,False,5.0
synthetic,hand-crafted,synthetic_parity_inverted_fault,statement,58,2,0.75,0.75,True,True,2058,False,False,5.0
synthetic,hand-crafted,synthetic_parity_inverted_fault,statement,59,2,0.75,0.75,True,True,2059,False,False,5.0
synthetic,hand-crafted,synthetic_parity_inverted_fault,statement,60,2,0.75,0.75,True,False,2060,False,False,5.0
synthetic,hand-crafted,synthetic_parity_inverted_fault,statement,61,2,0.75,0.75,True,True,2061,False,False,5.0
synthetic,hand-crafted,synthetic_parity_inverted_fault,statement,62,2,0.75,0.75,True,True,2062,False,False,5.0
synthetic,hand-crafted,synthetic_parity_inverted_fault,statement,63,2,0.75,0.75,True,False,2063,False,False,5.0
synthetic,hand-crafted,synthetic_parity_inverted_fault,statement,64,2,0.75,0.75,True,True,2064,False,False,5.0
synthetic,hand-crafted,synthetic_parity_inverted_fault,statement,65,2,0.75,0.75,True,False,2065,False,False,5.0
synthetic,hand-crafted,synthetic_parity_inverted_fault,statement,66,2,0.75,0.75,True,True,2066,False,False,5.0
synthetic,hand-crafted,synthetic_parity_inverted_fault,statement,67,2,0.75,0.75,True,True,2067,False,False,5.0
synthetic,hand-crafted,synthetic_parity_inverted_fault,statement,68,2,0.75,0.75,True,True,2068,False,False,5.0
synthetic,hand-crafted,synthetic_parity_inverted_fault,statement,69,2,0.75,0.75,True,True,2069,False,False,5.0
synthetic,hand-crafted,synthetic_parity_inverted_fault,statement,70,2,0.75,0.75,True,True,2070,False,False,5.0
synthetic,hand-crafted,synthetic_parity_inverted_fault,statement,71,2,0.75,0.75,True,True,2071,False,False,5.0
synthetic,hand-crafted,synthetic_parity_inverted_fault,statement,72,2,0.75,0.75,True,True,2072,False,False,5.0
synthetic,hand-crafted,synthetic_parity_inverted_fault,statement,73,2,0.75,0.75,True,True,2073,False,False,5.0
synthetic,hand-crafted,synthetic_parity_inverted_fault,statement,74,2,0.75,0.75,True,True,2074,False,False,5.0
synthetic,hand-crafted,synthetic_parity_inverted_fault,statement,75,2,0.75,0.75,True,False,2075,False,False,5.0
synthetic,hand-crafted,synthetic_parity_inverted_fault,statement,76,2,0.75,0.75,True,True,2076,False,False,5.0
synthetic,hand-crafted,synthetic_parity_inverted_fault,statement,77,2,0.75,0.75,True,True,2077,False,False,5.0
synthetic,hand-crafted,synthetic_parity_inverted_fault,statement,78,2,0.75,0.75,True,False,2078,False,False,5.0
synthetic,hand-crafted,synthetic_parity_inverted_fault,statement,79,2,0.75,0.75,True,True,2079,False,False,5.0
synthetic,hand-crafted,synthetic_parity_inverted_fault,statement,80,2,0.75,0.75,True,True,2080,False,False,5.0
synthetic,hand-crafted,synthetic_parity_inverted_fault,statement,81,2,0.75,0.75,True,True,2081,False,False,5.0
synthetic,hand-crafted,synthetic_parity_inverted_fault,statement,82,2,0.75,0.75,True,False,2082,False,False,5.0
synthetic,hand-crafted,synthetic_parity_inverted_fault,statement,83,2,0.75,0.75,True,False,2083,False,False,5.0
synthetic,hand-crafted,synthetic_parity_inverted_fault,statement,84,2,0.75,0.75,True,True,2084,False,False,5.0
synthetic,hand-crafted,synthetic_parity_inverted_fault,statement,85,2,0.75,0.75,True,True,2085,False,False,5.0
synthetic,hand-crafted,synthetic_parity_inverted_fault,statement,86,2,0.75,0.75,True,True,2086,False,False,5.0
synthetic,hand-crafted,synthetic_parity_inverted_fault,statement,87,2,0.75,0.75,True,False,2087,False,False,5.0
synthetic,hand-crafted,synthetic_parity_inverted_fault,statement,88,2,0.75,0.75,True,False,2088,False,False,5.0
synthetic,hand-crafted,synthetic_parity_inverted_fault,statement,89,2,0.75,0.75,True,True,2089,False,False,5.0
synthetic,hand-crafted,synthetic_parity_inverted_fault,statement,90,2,0.75,0.75,True,True,2090,False,False,5.0
synthetic,hand-crafted,synthetic_parity_inverted_fault,statement,91,2,0.75,0.75,True,True,2091,False,False,5.0
synthetic,hand-crafted,synthetic_parity_inverted_fault,statement,92,2,0.75,0.75,True,True,2092,False,False,5.0
synthetic,hand-crafted,synthetic_parity_inverted_fault,statement,93,2,0.75,0.75,True,True,2093,False,False,5.0
synthetic,hand-crafted,synthetic_parity_inverted_fault,statement,94,2,0.75,0.75,True,True,2094,False,False,5.0
synthetic,hand-crafted,synthetic_parity_inverted_fault,statement,95,2,0.75,0.75,True,False,2095,False,False,5.0
synthetic,hand-crafted,synthetic_parity_inverted_fault,statement,96,2,0.75,0.75,True,False,2096,False,False,5.0
synthetic,hand-crafted,synthetic_parity_inverted_fault,statement,97,2,0.75,0.75,True,True,2097,False,False,5.0
synthetic,hand-crafted,synthetic_parity_inverted_fault,statement,98,2,0.75,0.75,True,True,2098,False,False,5.0
synthetic,hand-crafted,synthetic_parity_inverted_fault,statement,99,2,0.75,0.75,True,True,2099,False,False,5.0
synthetic,hand-crafted,synthetic_parity_inverted_fault,branch,0,2,1.0,1.0,True,True,2000,False,False,5.0
synthetic,hand-crafted,synthetic_parity_inverted_fault,branch,1,2,1.0,1.0,True,False,2001,False,False,5.0
synthetic,hand-crafted,synthetic_parity_inverted_fault,branch,2,2,1.0,1.0,True,True,2002,False,False,5.0
synthetic,hand-crafted,synthetic_parity_inverted_fault,branch,3,2,1.0,1.0,True,True,2003,False,False,5.0
synthetic,hand-crafted,synthetic_parity_inverted_fault,branch,4,2,1.0,1.0,True,False,2004,False,False,5.0
synthetic,hand-crafted,synthetic_parity_inverted_fault,branch,5,2,1.0,1.0,True,True,2005,False,False,5.0
synthetic,hand-crafted,synthetic_parity_inverted_fault,branch,6,2,1.0,1.0,True,False,2006,False,False,5.0
synthetic,hand-crafted,synthetic_parity_inverted_fault,branch,7,2,1.0,1.0,True,False,2007,False,False,5.0
synthetic,hand-crafted,synthetic_parity_inverted_fault,branch,8,2,1.0,1.0,True,True,2008,False,False,5.0
synthetic,hand-crafted,synthetic_parity_inverted_fault,branch,9,2,1.0,1.0,True,True,2009,False,False,5.0
synthetic,hand-crafted,synthetic_parity_inverted_fault,branch,10,2,1.0,1.0,True,True,2010,False,False,5.0
synthetic,hand-crafted,synthetic_parity_inverted_fault,branch,11,2,1.0,1.0,True,False,2011,False,False,5.0
synthetic,hand-crafted,synthetic_parity_inverted_fault,branch,12,2,1.0,1.0,True,True,2012,False,False,5.0
synthetic,hand-crafted,synthetic_parity_inverted_fault,branch,13,2,1.0,1.0,True,True,2013,False,False,5.0
synthetic,hand-crafted,synthetic_parity_inverted_fault,branch,14,2,1.0,1.0,True,True,2014,False,False,5.0
synthetic,hand-crafted,synthetic_parity_inverted_fault,branch,15,2,1.0,1.0,True,False,2015,False,False,5.0
synthetic,hand-crafted,synthetic_parity_inverted_fault,branch,16,2,1.0,1.0,True,True,2016,False,False,5.0
synthetic,hand-crafted,synthetic_parity_inverted_fault,branch,17,2,1.0,1.0,True,True,2017,False,False,5.0
synthetic,hand-crafted,synthetic_parity_inverted_fault,branch,18,2,1.0,1.0,True,False,2018,False,False,5.0
synthetic,hand-crafted,synthetic_parity_inverted_fault,branch,19,2,1.0,1.0,True,False,2019,False,False,5.0
synthetic,hand-crafted,synthetic_parity_inverted_fault,branch,20,2,1.0,1.0,True,False,2020,False,False,5.0
synthetic,hand-crafted,synthetic_parity_inverted_fault,branch,21,2,1.0,1.0,True,True,2021,False,False,5.0
synthetic,hand-crafted,synthetic_parity_inverted_fault,branch,22,2,1.0,1.0,True,False,2022,False,False,5.0
synthetic,hand-crafted,synthetic_parity_inverted_fault,branch,23,2,1.0,1.0,True,True,2023,False,False,5.0
synthetic,hand-crafted,synthetic_parity_inverted_fault,branch,24,2,1.0,1.0,True,True,2024,False,False,5.0
synthetic,hand-crafted,synthetic_parity_inverted_fault,branch,25,2,1.0,1.0,True,False,2025,False,False,5.0
synthetic,hand-crafted,synthetic_parity_inverted_fault,branch,26,2,1.0,1.0,True,True,2026,False,False,5.0
synthetic,hand-crafted,synthetic_parity_inverted_fault,branch,27,2,1.0,1.0,True,True,2027,False,False,5.0
synthetic,hand-crafted,synthetic_parity_inverted_fault,branch,28,2,1.0,1.0,True,True,2028,False,False,5.0
synthetic,hand-crafted,synthetic_parity_inverted_fault,branch,29,2,1.0,1.0,True,True,2029,False,False,5.0
synthetic,hand-crafted,synthetic_parity_inverted_fault,branch,30,2,1.0,1.0,True,True,2030,False,False,5.0
synthetic,hand-crafted,synthetic_parity_inverted_fault,branch,31,2,1.0,1.0,True,True,2031,False,False,5.0
synthetic,hand-crafted,synthetic_parity_inverted_fault,branch,32,2,1.0,1.0,True,True,2032,False,False,5.0
synthetic,hand-crafted,synthetic_parity_inverted_fault,branch,33,2,1.0,1.0,True,True,2033,False,False,5.0
synthetic,hand-crafted,synthetic_parity_inverted_fault,branch,34,2,1.0,1.0,True,True,2034,False,False,5.0
synthetic,hand-crafted,synthetic_parity_inverted_fault,branch,35,2,1.0,1.0,True,True,2035,False,False,5.0
synthetic,hand-crafted,synthetic_parity_inverted_fault,branch,36,2,1.0,1.0,True,True,2036,False,False,5.0
synthetic,hand-crafted,synthetic_parity_inverted_fault,branch,37,2,1.0,1.0,True,True,2037,False,False,5.0
synthetic,hand-crafted,synthetic_parity_inverted_fault,branch,38,2,1.0,1.0,True,True,2038,False,False,5.0
synthetic,hand-crafted,synthetic_parity_inverted_fault,branch,39,2,1.0,1.0,True,False,2039,False,False,5.0
synthetic,hand-crafted,synthetic_parity_inverted_fault,branch,40,2,1.0,1.0,True,True,2040,False,False,5.0
synthetic,hand-crafted,synthetic_parity_inverted_fault,branch,41,2,1.0,1.0,True,True,2041,False,False,5.0
synthetic,hand-crafted,synthetic_parity_inverted_fault,branch,42,2,1.0,1.0,True,True,2042,False,False,5.0
synthetic,hand-crafted,synthetic_parity_inverted_fault,branch,43,2,1.0,1.0,True,True,2043,False,False,5.0
synthetic,hand-crafted,synthetic_parity_inverted_fault,branch,44,2,1.0,1.0,True,True,2044,False,False,5.0
synthetic,hand-crafted,synthetic_parity_inverted_fault,branch,45,2,1.0,1.0,True,True,2045,False,False,5.0
synthetic,hand-crafted,synthetic_parity_inverted_fault,branch,46,2,1.0,1.0,True,False,2046,False,False,5.0
synthetic,hand-crafted,synthetic_parity_inverted_fault,branch,47,2,1.0,1.0,True,True,2047,False,False,5.0
synthetic,hand-crafted,synthetic_parity_inverted_fault,branch,48,2,1.0,1.0,True,True,2048,False,False,5.0
synthetic,hand-crafted,synthetic_parity_inverted_fault,branch,49,2,1.0,1.0,True,False,2049,False,False,5.0
synthetic,hand-crafted,synthetic_parity_inverted_fault,branch,50,2,1.0,1.0,True,False,2050,False,False,5.0
synthetic,hand-crafted,synthetic_parity_inverted_fault,branch,51,2,1.0,1.0,True,True,2051,False,False,5.0
synthetic,hand-crafted,synthetic_parity_inverted_fault,branch,52,2,1.0,1.0,True,True,2052,False,False,5.0
synthetic,hand-crafted,synthetic_parity_inverted_fault,branch,53,2,1.0,1.0,True,True,2053,False,False,5.0
synthetic,hand-crafted,synthetic_parity_inverted_fault,branch,54,2,1.0,1.0,True,False,2054,False,False,5.0
synthetic,hand-crafted,synthetic_parity_inverted_fault,branch,55,2,1.0,1.0,True,True,2055,False,False,5.0
synthetic,hand-crafted,synthetic_parity_inverted_fault,branch,56,2,1.0,1.0,True,False,2056,False,False,5.0
synthetic,hand-crafted,synthetic_parity_inverted_fault,branch,57,2,1.0,1.0,True,True,2057,False,False,5.0
synthetic,hand-crafted,synthetic_parity_inverted_fault,branch,58,2,1.0,1.0,True,True,2058,False,False,5.0
synthetic,hand-crafted,synthetic_parity_inverted_fault,branch,59,2,1.0,1.0,True,True,2059,False,False,5.0
synthetic,hand-crafted,synthetic_parity_inverted_fault,branch,60,2,1.0,1.0,True,False,2060,False,False,5.0
synthetic,hand-crafted,synthetic_parity_inverted_fault,branch,61,2,1.0,1.0,True,True,2061,False,False,5.0
synthetic,hand-crafted,synthetic_parity_inverted_fault,branch,62,2,1.0,1.0,True,True,2062,False,False,5.0
synthetic,hand-crafted,synthetic_parity_inverted_fault,branch,63,2,1.0,1.0,True,False,2063,False,False,5.0
synthetic,hand-crafted,synthetic_parity_inverted_fault,branch,64,2,1.0,1.0,True,True,2064,False,False,5.0
synthetic,hand-crafted,synthetic_parity_inverted_fault,branch,65,2,1.0,1.0,True,False,2065,False,False,5.0
synthetic,hand-crafted,synthetic_parity_inverted_fault,branch,66,2,1.0,1.0,True,True,2066,False,False,5.0
synthetic,hand-crafted,synthetic_parity_inverted_fault,branch,67,2,1.0,1.0,True,True,2067,False,False,5.0
synthetic,hand-crafted,synthetic_parity_inverted_fault,branch,68,2,1.0,1.0,True,True,2068,False,False,5.0
synthetic,hand-crafted,synthetic_parity_inverted_fault,branch,69,2,1.0,1.0,True,True,2069,False,False,5.0
synthetic,hand-crafted,synthetic_parity_inverted_fault,branch,70,2,1.0,1.0,True,True,2070,False,False,5.0
synthetic,hand-crafted,synthetic_parity_inverted_fault,branch,71,2,1.0,1.0,True,True,2071,False,False,5.0
synthetic,hand-crafted,synthetic_parity_inverted_fault,branch,72,2,1.0,1.0,True,True,2072,False,False,5.0
synthetic,hand-crafted,synthetic_parity_inverted_fault,branch,73,2,1.0,1.0,True,True,2073,False,False,5.0
synthetic,hand-crafted,synthetic_parity_inverted_fault,branch,74,2,1.0,1.0,True,True,2074,False,False,5.0
synthetic,hand-crafted,synthetic_parity_inverted_fault,branch,75,2,1.0,1.0,True,False,2075,False,False,5.0
synthetic,hand-crafted,synthetic_parity_inverted_fault,branch,76,2,1.0,1.0,True,True,2076,False,False,5.0
synthetic,hand-crafted,synthetic_parity_inverted_fault,branch,77,2,1.0,1.0,True,True,2077,False,False,5.0
synthetic,hand-crafted,synthetic_parity_inverted_fault,branch,78,2,1.0,1.0,True,False,2078,False,False,5.0
synthetic,hand-crafted,synthetic_parity_inverted_fault,branch,79,2,1.0,1.0,True,True,2079,False,False,5.0
synthetic,hand-crafted,synthetic_parity_inverted_fault,branch,80,2,1.0,1.0,True,True,2080,False,False,5.0
synthetic,hand-crafted,synthetic_parity_inverted_fault,branch,81,2,1.0,1.0,True,True,2081,False,False,5.0
synthetic,hand-crafted,synthetic_parity_inverted_fault,branch,82,2,1.0,1.0,True,False,2082,False,False,5.0
synthetic,hand-crafted,synthetic_parity_inverted_fault,branch,83,2,1.0,1.0,True,False,2083,False,False,5.0
synthetic,hand-crafted,synthetic_parity_inverted_fault,branch,84,2,1.0,1.0,True,True,2084,False,False,5.0
synthetic,hand-crafted,synthetic_parity_inverted_fault,branch,85,2,1.0,1.0,True,True,2085,False,False,5.0
synthetic,hand-crafted,synthetic_parity_inverted_fault,branch,86,2,1.0,1.0,True,True,2086,False,False,5.0
synthetic,hand-crafted,synthetic_parity_inverted_fault,branch,87,2,1.0,1.0,True,False,2087,False,False,5.0
synthetic,hand-crafted,synthetic_parity_inverted_fault,branch,88,2,1.0,1.0,True,False,2088,False,False,5.0
synthetic,hand-crafted,synthetic_parity_inverted_fault,branch,89,2,1.0,1.0,True,True,2089,False,False,5.0
synthetic,hand-crafted,synthetic_parity_inverted_fault,branch,90,2,1.0,1.0,True,True,2090,False,False,5.0
synthetic,hand-crafted,synthetic_parity_inverted_fault,branch,91,2,1.0,1.0,True,True,2091,False,False,5.0
synthetic,hand-crafted,synthetic_parity_inverted_fault,branch,92,2,1.0,1.0,True,True,2092,False,False,5.0
synthetic,hand-crafted,synthetic_parity_inverted_fault,branch,93,2,1.0,1.0,True,True,2093,False,False,5.0
synthetic,hand-crafted,synthetic_parity_inverted_fault,branch,94,2,1.0,1.0,True,True,2094,False,False,5.0
synthetic,hand-crafted,synthetic_parity_inverted_fault,branch,95,2,1.0,1.0,True,False,2095,False,False,5.0
synthetic,hand-crafted,synthetic_parity_inverted_fault,branch,96,2,1.0,1.0,True,False,2096,False,False,5.0
synthetic,hand-crafted,synthetic_parity_inverted_fault,branch,97,2,1.0,1.0,True,True,2097,False,False,5.0
synthetic,hand-crafted,synthetic_parity_inverted_fault,branch,98,2,1.0,1.0,True,True,2098,False,False,5.0
synthetic,hand-crafted,synthetic_parity_inverted_fault,branch,99,2,1.0,1.0,True,True,2099,False,False,5.0
synthetic,hand-crafted,synthetic_parity_inverted_fault,mutation,0,3,0.8461538461538461,0.8461538461538461,True,True,2000,False,False,5.0
synthetic,hand-crafted,synthetic_parity_inverted_fault,mutation,1,3,0.8461538461538461,0.8461538461538461,True,True,2001,False,False,5.0
synthetic,hand-crafted,synthetic_parity_inverted_fault,mutation,2,3,0.8461538461538461,0.8461538461538461,True,True,2002,False,False,5.0
synthetic,hand-crafted,synthetic_parity_inverted_fault,mutation,3,3,0.8461538461538461,0.8461538461538461,True,True,2003,False,False,5.0
synthetic,hand-crafted,synthetic_parity_inverted_fault,mutation,4,3,0.8461538461538461,0.8461538461538461,True,True,2004,False,False,5.0
synthetic,hand-crafted,synthetic_parity_inverted_fault,mutation,5,3,0.8461538461538461,0.8461538461538461,True,True,2005,False,False,5.0
synthetic,hand-crafted,synthetic_parity_inverted_fault,mutation,6,3,0.8461538461538461,0.8461538461538461,True,True,2006,False,False,5.0
synthetic,hand-crafted,synthetic_parity_inverted_fault,mutation,7,4,0.8461538461538461,0.8461538461538461,True,True,2007,False,False,5.0
synthetic,hand-crafted,synthetic_parity_inverted_fault,mutation,8,3,0.8461538461538461,0.8461538461538461,True,True,2008,False,False,5.0
synthetic,hand-crafted,synthetic_parity_inverted_fault,mutation,9,3,0.8461538461538461,0.8461538461538461,True,True,2009,False,False,5.0
synthetic,hand-crafted,synthetic_parity_inverted_fault,mutation,10,3,0.8461538461538461,0.8461538461538461,True,True,2010,False,False,5.0
synthetic,hand-crafted,synthetic_parity_inverted_fault,mutation,11,3,0.8461538461538461,0.8461538461538461,True,True,2011,False,False,5.0
synthetic,hand-crafted,synthetic_parity_inverted_fault,mutation,12,3,0.8461538461538461,0.8461538461538461,True,True,2012,False,False,5.0
synthetic,hand-crafted,synthetic_parity_inverted_fault,mutation,13,3,0.8461538461538461,0.8461538461538461,True,True,2013,False,False,5.0
synthetic,hand-crafted,synthetic_parity_inverted_fault,mutation,14,3,0.8461538461538461,0.8461538461538461,True,True,2014,False,False,5.0
synthetic,hand-crafted,synthetic_parity_inverted_fault,mutation,15,3,0.8461538461538461,0.8461538461538461,True,True,2015,False,False,5.0
synthetic,hand-crafted,synthetic_parity_inverted_fault,mutation,16,3,0.8461538461538461,0.8461538461538461,True,True,2016,False,False,5.0
synthetic,hand-crafted,synthetic_parity_inverted_fault,mutation,17,3,0.8461538461538461,0.8461538461538461,True,True,2017,False,False,5.0
synthetic,hand-crafted,synthetic_parity_inverted_fault,mutation,18,4,0.8461538461538461,0.8461538461538461,True,True,2018,False,False,5.0
synthetic,hand-crafted,synthetic_parity_inverted_fault,mutation,19,3,0.8461538461538461,0.8461538461538461,True,True,2019,False,False,5.0
synthetic,hand-crafted,synthetic_parity_inverted_fault,mutation,20,3,0.8461538461538461,0.8461538461538461,True,True,2020,False,False,5.0
synthetic,hand-crafted,synthetic_parity_inverted_fault,mutation,21,3,0.8461538461538461,0.8461538461538461,True,True,2021,False,False,5.0
synthetic,hand-crafted,synthetic_parity_inverted_fault,mutation,22,3,0.8461538461538461,0.8461538461538461,True,True,2022,False,False,5.0
synthetic,hand-crafted,synthetic_parity_inverted_fault,mutation,23,3,0.8461538461538461,0.8461538461538461,True,True,2023,False,False,5.0
synthetic,hand-crafted,synthetic_parity_inverted_fault,mutation,24,3,0.8461538461538461,0.8461538461538461,True,True,2024,False,False,5.0
synthetic,hand-crafted,synthetic_parity_inverted_fault,mutation,25,3,0.8461538461538461,0.8461538461538461,True,True,2025,False,False,5.0
synthetic,hand-crafted,synthetic_parity_inverted_fault,mutation,26,3,0.8461538461538461,0.8461538461538461,True,True,2026,False,False,5.0
synthetic,hand-crafted,synthetic_parity_inverted_fault,mutation,27,3,0.8461538461538461,0.8461538461538461,True,True,2027,False,False,5.0
synthetic,hand-crafted,synthetic_parity_inverted_fault,mutation,28,5,0.8461538461538461,0.8461538461538461,True,True,2028,False,False,5.0
synthetic,hand-crafted,synthetic_parity_inverted_fault,mutation,29,3,0.8461538461538461,0.8461538461538461,True,True,2029,False,False,5.0
synthetic,hand-crafted,synthetic_parity_inverted_fault,mutation,30,3,0.8461538461538461,0.8461538461538461,True,True,2030,False,False,5.0
synthetic,hand-crafted,synthetic_parity_inverted_fault,mutation,31,4,0.8461538461538461,0.8461538461538461,True,True,2031,False,False,5.0
synthetic,hand-crafted,synthetic_parity_inverted_fault,mutation,32,3,0.8461538461538461,0.8461538461538461,True,True,2032,False,False,5.0
synthetic,hand-crafted,synthetic_parity_inverted_fault,mutation,33,3,0.8461538461538461,0.8461538461538461,True,True,2033,False,False,5.0
synthetic,hand-crafted,synthetic_parity_inverted_fault,mutation,34,4,0.8461538461538461,0.8461538461538461,True,True,2034,False,False,5.0
synthetic,hand-crafted,synthetic_parity_inverted_fault,mutation,35,5,0.8461538461538461,0.8461538461538461,True,True,2035,False,False,5.0
synthetic,hand-crafted,synthetic_parity_inverted_fault,mutation,36,3,0.8461538461538461,0.8461538461538461,True,True,2036,False,False,5.0
synthetic,hand-crafted,synthetic_parity_inverted_fault,mutation,37,4,0.8461538461538461,0.8461538461538461,True,True,2037,False,False,5.0
synthetic,hand-crafted,synthetic_parity_inverted_fault,mutation,38,3,0.8461538461538461,0.8461538461538461,True,True,2038,False,False,5.0
synthetic,hand-crafted,synthetic_parity_inverted_fault,mutation,39,3,0.8461538461538461,0.8461538461538461,True,True,2039,False,False,5.0
synthetic,hand-crafted,synthetic_parity_inverted_fault,mutation,40,3,0.8461538461538461,0.8461538461538461,True,True,2040,False,False,5.0
synthetic,hand-crafted,synthetic_parity_inverted_fault,mutation,41,3,0.8461538461538461,0.8461538461538461,True,True,2041,False,False,5.0
synthetic,hand-crafted,synthetic_parity_inverted_fault,mutation,42,5,0.8461538461538461,0.8461538461538461,True,True,2042,False,False,5.0
synthetic,hand-crafted,synthetic_parity_inverted_fault,mutation,43,3,0.8461538461538461,0.8461538461538461,True,True,2043,False,False,5.0
synthetic,hand-crafted,synthetic_parity_inverted_fault,mutation,44,4,0.8461538461538461,0.8461538461538461,True,True,2044,False,False,5.0
synthetic,hand-crafted,synthetic_parity_inverted_fault,mutation,45,3,0.8461538461538461,0.8461538461538461,True,True,2045,False,False,5.0
synthetic,hand-crafted,synthetic_parity_inverted_fault,mutation,46,3,0.8461538461538461,0.8461538461538461,True,True,2046,False,False,5.0
synthetic,hand-crafted,synthetic_parity_inverted_fault,mutation,47,3,0.8461538461538461,0.8461538461538461,True,True,2047,False,False,5.0
synthetic,hand-crafted,synthetic_parity_inverted_fault,mutation,48,3,0.8461538461538461,0.8461538461538461,True,True,2048,False,False,5.0
synthetic,hand-crafted,synthetic_parity_inverted_fault,mutation,49,3,0.8461538461538461,0.8461538461538461,True,True,2049,False,False,5.0
synthetic,hand-crafted,synthetic_parity_inverted_fault,mutation,50,3,0.8461538461538461,0.8461538461538461,True,True,2050,False,False,5.0
synthetic,hand-crafted,synthetic_parity_inverted_fault,mutation,51,3,0.8461538461538461,0.8461538461538461,True,True,2051,False,False,5.0
synthetic,hand-crafted,synthetic_parity_inverted_fault,mutation,52,3,0.8461538461538461,0.8461538461538461,True,True,2052,False,False,5.0
synthetic,hand-crafted,synthetic_parity_inverted_fault,mutation,53,4,0.8461538461538461,0.8461538461538461,True,True,2053,False,False,5.0
synthetic,hand-crafted,synthetic_parity_inverted_fault,mutation,54,4,0.8461538461538461,0.8461538461538461,True,True,2054,False,False,5.0
synthetic,hand-crafted,synthetic_parity_inverted_fault,mutation,55,5,0.8461538461538461,0.8461538461538461,True,True,2055,False,False,5.0
synthetic,hand-crafted,synthetic_parity_inverted_fault,mutation,56,3,0.8461538461538461,0.8461538461538461,True,True,2056,False,False,5.0
synthetic,hand-crafted,synthetic_parity_inverted_fault,mutation,57,3,0.8461538461538461,0.8461538461538461,True,True,2057,False,False,5.0
synthetic,hand-crafted,synthetic_parity_inverted_fault,mutation,58,4,0.8461538461538461,0.8461538461538461,True,True,2058,False,False,5.0
synthetic,hand-crafted,synthetic_parity_inverted_fault,mutation,59,3,0.8461538461538461,0.8461538461538461,True,True,2059,False,False,5.0
synthetic,hand-crafted,synthetic_parity_inverted_fault,mutation,60,4,0.8461538461538461,0.8461538461538461,True,True,2060,False,False,5.0
synthetic,hand-crafted,synthetic_parity_inverted_fault,mutation,61,5,0.8461538461538461,0.8461538461538461,True,True,2061,False,False,5.0
synthetic,hand-crafted,synthetic_parity_inverted_fault,mutation,62,3,0.8461538461538461,0.8461538461538461,True,True,2062,False,False,5.0
synthetic,hand-crafted,synthetic_parity_inverted_fault,mutation,63,3,0.8461538461538461,0.8461538461538461,True,True,2063,False,False,5.0
synthetic,hand-crafted,synthetic_parity_inverted_fault,mutation,64,4,0.8461538461538461,0.8461538461538461,True,True,2064,False,False,5.0
synthetic,hand-crafted,synthetic_parity_inverted_fault,mutation,65,3,0.8461538461538461,0.8461538461538461,True,True,2065,False,False,5.0
synthetic,hand-crafted,synthetic_parity_inverted_fault,mutation,66,4,0.8461538461538461,0.8461538461538461,True,True,2066,False,False,5.0
synthetic,hand-crafted,synthetic_parity_inverted_fault,mutation,67,4,0.8461538461538461,0.8461538461538461,True,True,2067,False,False,5.0
synthetic,hand-crafted,synthetic_parity_inverted_fault,mutation,68,3,0.8461538461538461,0.8461538461538461,True,True,2068,False,False,5.0
synthetic,hand-crafted,synthetic_parity_inverted_fault,mutation,69,4,0.8461538461538461,0.8461538461538461,True,True,2069,False,False,5.0
synthetic,hand-crafted,synthetic_parity_inverted_fault,mutation,70,3,0.8461538461538461,0.8461538461538461,True,True,2070,False,False,5.0
synthetic,hand-crafted,synthetic_parity_inverted_fault,mutation,71,4,0.8461538461538461,0.8461538461538461,True,True,2071,False,False,5.0
synthetic,hand-crafted,synthetic_parity_inverted_fault,mutation,72,3,0.8461538461538461,0.8461538461538461,True,True,2072,False,False,5.0
synthetic,hand-crafted,synthetic_parity_inverted_fault,mutation,73,4,0.8461538461538461,0.8461538461538461,True,True,2073,False,False,5.0
synthetic,hand-crafted,synthetic_parity_inverted_fault,mutation,74,5,0.8461538461538461,0.8461538461538461,True,True,2074,False,False,5.0
synthetic,hand-crafted,synthetic_parity_inverted_fault,mutation,75,3,0.8461538461538461,0.8461538461538461,True,True,2075,False,False,5.0
synthetic,hand-crafted,synthetic_parity_inverted_fault,mutation,76,5,0.8461538461538461,0.8461538461538461,True,True,2076,False,False,5.0
synthetic,hand-crafted,synthetic_parity_inverted_fault,mutation,77,4,0.8461538461538461,0.8461538461538461,True,True,2077,False,False,5.0
synthetic,hand-crafted,synthetic_parity_inverted_fault,mutation,78,3,0.8461538461538461,0.8461538461538461,True,True,2078,False,False,5.0
synthetic,hand-crafted,synthetic_parity_inverted_fault,mutation,79,3,0.8461538461538461,0.8461538461538461,True,True,2079,False,False,5.0
synthetic,hand-crafted,synthetic_parity_inverted_fault,mutation,80,3,0.8461538461538461,0.8461538461538461,True,True,2080,False,False,5.0
synthetic,hand-crafted,synthetic_parity_inverted_fault,mutation,81,3,0.8461538461538461,0.8461538461538461,True,True,2081,False,False,5.0
synthetic,hand-crafted,synthetic_parity_inverted_fault,mutation,82,3,0.8461538461538461,0.8461538461538461,True,True,2082,False,False,5.0
synthetic,hand-crafted,synthetic_parity_inverted_fault,mutation,83,3,0.8461538461538461,0.8461538461538461,True,True,2083,False,False,5.0
synthetic,hand-crafted,synthetic_parity_inverted_fault,mutation,84,3,0.8461538461538461,0.8461538461538461,True,True,2084,False,False,5.0
synthetic,hand-crafted,synthetic_parity_inverted_fault,mutation,85,4,0.8461538461538461,0.8461538461538461,True,True,2085,False,False,5.0
synthetic,hand-crafted,synthetic_parity_inverted_fault,mutation,86,4,0.8461538461538461,0.8461538461538461,True,True,2086,False,False,5.0
synthetic,hand-crafted,synthetic_parity_inverted_fault,mutation,87,4,0.8461538461538461,0.8461538461538461,True,True,2087,False,False,5.0
synthetic,hand-crafted,synthetic_parity_inverted_fault,mutation,88,3,0.8461538461538461,0.8461538461538461,True,True,2088,False,False,5.0
synthetic,hand-crafted,synthetic_parity_inverted_fault,mutation,89,3,0.8461538461538461,0.8461538461538461,True,True,2089,False,False,5.0
synthetic,hand-crafted,synthetic_parity_inverted_fault,mutation,90,5,0.8461538461538461,0.8461538461538461,True,True,2090,False,False,5.0
synthetic,hand-crafted,synthetic_parity_inverted_fault,mutation,91,3,0.8461538461538461,0.8461538461538461,True,True,2091,False,False,5.0
synthetic,hand-crafted,synthetic_parity_inverted_fault,mutation,92,3,0.8461538461538461,0.8461538461538461,True,True,2092,False,False,5.0
synthetic,hand-crafted,synthetic_parity_inverted_fault,mutation,93,3,0.8461538461538461,0.8461538461538461,True,True,2093,False,False,5.0
synthetic,hand-crafted,synthetic_parity_inverted_fault,mutation,94,4,0.8461538461538461,0.8461538461538461,True,True,2094,False,False,5.0
synthetic,hand-crafted,synthetic_parity_inverted_fault,mutation,95,4,0.8461538461538461,0.8461538461538461,True,True,2095,False,False,5.0
synthetic,hand-crafted,synthetic_parity_inverted_fault,mutation,96,3,0.8461538461538461,0.8461538461538461,True,True,2096,False,False,5.0
synthetic,hand-crafted,synthetic_parity_inverted_fault,mutation,97,3,0.8461538461538461,0.8461538461538461,True,True,2097,False,False,5.0
synthetic,hand-crafted,synthetic_parity_inverted_fault,mutation,98,4,0.8461538461538461,0.8461538461538461,True,True,2098,False,False,5.0
synthetic,hand-crafted,synthetic_parity_inverted_fault,mutation,99,3,0.8461538461538461,0.8461538461538461,True,True,2099,False,False,5.0
